{"mean_imag_cont":0.9996093511581421,"_timestamp":1.7835313303425074e+09,"_step":0,"_wandb":{"runtime":89},"_runtime":89.4937711,"critic_loss":2.1055967807769775,"actor_loss":0.10032108426094055,"mean_imag_reward":-0.999316394329071}