{"dyn_ent":49.135765075683594,"eval/rep_ent":48.080780029296875,"eval/loss/dyn":1.3647346496582031,"loss/dyn":1.433483600616455,"loss/rew":0.6523936986923218,"loss/con":0.02884238213300705,"eval/loss/state":0.055798664689064026,"eval/loss/rew":0.6611412763595581,"_step":23300,"opt/grad_rms":0.0007255608215928078,"loss/state":0.04719924554228783,"_runtime":46331.300991,"opt/param_rms":0.08491671085357666,"eval/dyn_ent":49.275238037109375,"_wandb":{"runtime":46331},"opt/grad_norm":1.1470940113067627,"checkpoint_step":20000,"_timestamp":1.7830188225868623e+09,"loss/rep":1.433483600616455,"opt/update_rms":3.718116204254329e-05,"opt/param_count":2.499484e+06,"eval/loss/con":0.02483917400240898,"opt/loss":2.305267333984375,"opt/updates":23299,"eval/loss/rep":1.3647346496582031,"rep_ent":47.97750473022461,"eval/loss/total":2.2429871559143066}